{
  "current_price": 1482.4000244140625,
  "ema_20": 1402.3257239022141,
  "ema_50": 1331.9797027215914,
  "ema_200": 1260.2519935002424,
  "rsi": 90.63019064633511,
  "macd": 61.933285674270564,
  "macd_signal": 56.347425155696584,
  "macd_hist": 5.5858605185739805,
  "bb_upper": 1573.4977866706126,
  "bb_middle": 1389.4200073242187,
  "bb_lower": 1205.3422279778247,
  "bb_position": 75.25563308618469,
  "atr": 34.114292689732146,
  "atr_pct": 2.301287920122388,
  "support_levels": [
    1166.800048828125,
    1202.805908203125,
    1276.3089599609375
  ],
  "resistance_levels": [
    1273.8223876953125,
    1320.4856363932292
  ],
  "fib_levels": {
    "0%": 1496.300048828125,
    "23.6%": 1397.7877305667737,
    "38.2%": 1336.843669269497,
    "50%": 1287.5875101388215,
    "61.8%": 1238.3313510081457,
    "100%": 1078.874971449518
  }
}